Workbook

Sheet Sheet1
B1: TO：DAE WOO SOPHIAN CO., LTD | H1: 【PURCHASE ORDER】 | K1: 46049
K2: SVENSON
B3: Order number： | D3: 26127 | E3: AWB No. | K3: 8Floor Round-Cross Tamachi Bldg.
B4: ■Order | D4: 24 pcs | E4: ■Repair order： | H4: 66 pcs | K4: 31-19,Shiba,5-chome,MINATO-KU
B5: ■Cancel | C5: /mold | D5: 1 pcs | E5: ■Re-repair/Return | H5: 1 pcs | K5: Tokyo, JAPAN
B6: ■Order total： | D6: 25 pcs | E6: ■repair order total: | H6: 67 pcs | J6: Signature： | K6: SAORI.H
A7: no. | B7: SV.'s_x000D_ I.D. number | C7: 石膏保管 | D7: Order | E7: Customer_x000D_ number | F7: Product number | H7: Special note | I7: Request_x000D_ delivery date | J7: Rush | K7: Notices
A8: 1 | B8: 367053 | C8: ﾃﾞｰﾀ発注 364222 | D8: 製品 | E8: 00403583 | F8: 73 | G8: LC | I8: 46108 | J8: Rush(D) | K8: 石膏保管ID 364222
A9: 2 | B9: 366124 | C9: ﾃﾞｰﾀ発注 363711 | D9: 製品 | E9: 00802799 | F9: 98 | G9: LC | I9: 46108 | J9: Rush(D) | K9: 石膏保管ID 363711
A10: 3 | B10: 366412 | C10: ﾃﾞｰﾀ発注 362740 | D10: 製品 | E10: 01906601 | F10: 68 | G10: LC | I10: 46108 | J10: Rush(D) | K10: 石膏保管ID 362740
A11: 4 | B11: 367051 | C11: ﾃﾞｰﾀ発注 359794 | D11: 製品 | E11: 00401295 | F11: 102 | G11: L | I11: 46108 | J11: Rush(D) | K11: 石膏保管ID 359794
A12: 5 | B12: 366957 | C12: ﾃﾞｰﾀ発注 357986 | D12: 製品 | E12: 01405044 | F12: 56 | G12: LC | I12: 46108 | J12: Rush(D) | K12: 石膏保管ID 357986
A13: 6 | B13: 366240 | C13: ﾃﾞｰﾀ発注 357868 | D13: 製品 | E13: 00901143 | F13: 99 | G13: R | I13: 46108 | J13: Rush(D) | K13: 石膏保管ID 357868
A14: 7 | B14: 366334 | C14: ﾃﾞｰﾀ発注 357183 | D14: 製品 | E14: 01001418 | F14: 128 | G14: R | I14: 46108 | J14: Rush(D) | K14: 石膏保管ID 357183
A15: 8 | B15: 366261 | C15: ﾃﾞｰﾀ発注 354872 | D15: 製品 | E15: 00206266 | F15: 86 | G15: R | I15: 46108 | J15: Rush(D) | K15: 石膏保管ID 354872
A16: 9 | B16: 366495 | C16: ﾃﾞｰﾀ発注 354847 | D16: 製品 | E16: 01400577 | F16: 117 | G16: R | I16: 46108 | J16: Rush(D) | K16: 石膏保管ID 354847
A17: 10 | B17: 366427 | C17: ﾃﾞｰﾀ発注 352764 | D17: 製品 | E17: 00102299 | F17: 77 | G17: LC | I17: 46108 | J17: Rush(D) | K17: 石膏保管ID 352764
A18: 11 | B18: 366643 | C18: ﾃﾞｰﾀ発注 351918 | D18: 製品 | E18: 00202542 | F18: 95 | G18: R | I18: 46108 | J18: Rush(D) | K18: 石膏保管ID 351918
A19: 12 | B19: 366205 | C19: ﾃﾞｰﾀ発注 349832 | D19: 製品 | E19: 01003411 | F19: 79 | G19: LC | I19: 46108 | J19: Rush(D) | K19: 石膏保管ID 349832
... A71: 64 | B71: 366767 | C71: ﾃﾞｰﾀ発注 244150 | D71: 製品 | E71: 00403042 | F71: 69 | G71: LM | I71: 46108 | J71: *Rush | K71: 石膏保管ID 244150
A73: 1 | B73: 366142 | C73: 石膏保管 | D73: 製品 | E73: 04000001 | F73: 90 | G73: L | I73: 46108
A74: 2 | B74: 366191 | C74: 石膏保管 | D74: 製品 | E74: 01702493 | F74: 73 | G74: LC | I74: 46115
A75: 3 | B75: 366309 | C75: 石膏保管 | D75: 製品 | E75: 00200928 | F75: 82 | G75: L | I75: 46115
A76: 4 | B76: 366397 | C76: 石膏保管 | D76: 製品 | E76: 00302172 | F76: 84 | G76: R | I76: 46115
A77: 5 | B77: 366446 | C77: 石膏保管 | D77: 製品 | E77: 02500036 | F77: 91 | G77: LC | I77: 46115
A78: 6 | B78: 366504 | C78: 石膏保管 | D78: 製品 | E78: 00205606 | F78: 67 | G78: L | I78: 46115
A79: 7 | B79: 366513 | C79: 石膏保管 | D79: 製品 | E79: 01001980 | F79: 99 | G79: LC | I79: 46115
A80: 8 | B80: 366601 | C80: 石膏保管 | D80: 製品 | E80: 01002422 | F80: 70 | G80: LC | I80: 46115
A81: 9 | B81: 366608 | C81: 石膏保管 | D81: 製品 | E81: 00403703 | F81: 65 | G81: LC | I81: 46115
A82: 10 | B82: 366612 | C82: 石膏保管 | D82: 製品 | E82: 00102252 | F82: 114 | G82: L | I82: 46115
A83: 11 | B83: 366660 | C83: 石膏保管 | D83: 製品 | E83: 01501059 | F83: 99 | G83: L | I83: 46115
A84: 12 | B84: 366697 | C84: 石膏保管 | D84: 製品 | E84: 01003921 | F84: 56 | G84: L | I84: 46115
... A86: 14 | B86: 366809 | C86: 石膏保管 | D86: 製品 | E86: 01905103 | F86: 72 | G86: L | I86: 46115
A87: 15 | B87: 366899 | C87: 石膏保管 | D87: 製品 | E87: 00301715 | F87: 120 | G87: LC | I87: 46115 | J87: *Rush
A88: 16 | B88: 366908 | C88: 石膏保管 | D88: 製品 | E88: 00206082 | F88: 65 | G88: L | I88: 46115
A89: 17 | B89: 366873 | C89: 石膏保管 | D89: 製品 | E89: 01304304 | F89: 69 | G89: L | I89: 46080 | J89: Rush
A90: 18 | B90: 365971 | D90: 製品 | E90: 00201835 | F90: 109 | G90: LC | I90: 46115
A91: 19 | B91: 366245 | D91: 製品 | E91: 00206969 | F91: 66 | G91: LC | I91: 46115
A92: 20 | B92: 366331 | D92: 製品 | E92: 05200834 | F92: 54 | G92: L | I92: 46115
A93: 21 | B93: 366344 | D93: 製品 | E93: 01602990 | F93: 66 | G93: L | I93: 46115
A94: 22 | B94: 366642 | D94: 製品 | E94: 01300503 | F94: 97 | G94: R | I94: 46115
A95: 23 | B95: 366671 | D95: 製品 | E95: 00206441 | F95: 87 | G95: LC | I95: 46115
A96: 24 | B96: 366925 | D96: 製品 | E96: 01404117 | F96: 76 | G96: L | I96: 46115 | J96: *Rush
A98: 1 | B98: 365819 | D98: 修理 | E98: 03202689 | F98: 61 | G98: LC | I98: 46115
A99: 2 | B99: 365845 | D99: 修理 | E99: 01905405 | F99: 62 | G99: LC | I99: 46108
A100: 3 | B100: 365992 | D100: 修理 | E100: 00100800 | F100: 143 | G100: LC | I100: 46115
A101: 4 | B101: 366037 | D101: 修理 | E101: 01104845 | F101: 59 | G101: R | I101: 46115
A102: 5 | B102: 366138 | D102: 修理 | E102: 00501246 | F102: 79 | G102: L | I102: 46115
A103: 6 | B103: 366158 | D103: 修理 | E103: 01003567 | F103: 72 | G103: L | I103: 46115
A104: 7 | B104: 366160 | D104: 修理 | E104: 02102967 | F104: 63 | G104: L | I104: 46115
A105: 8 | B105: 366168 | D105: 修理 | E105: 00201683 | F105: 84 | G105: L | I105: 46115
A106: 9 | B106: 366170 | D106: 修理 | E106: 00507384 | F106: 59 | G106: L | I106: 46115
A107: 10 | B107: 366173 | D107: 修理 | E107: 02101515 | F107: 73 | G107: L | I107: 46108
A108: 11 | B108: 366198 | D108: 修理 | E108: 02003144 | F108: 58 | G108: L | I108: 46115
A109: 12 | B109: 366208 | D109: 修理 | E109: 02501862 | F109: 60 | G109: L | I109: 46115
... A121: 24 | B121: 366360 | D121: 修理 | E121: 02502080 | F121: 68 | G121: L | I121: 46115
A122: 25 | B122: 366386 | D122: 修理 | E122: 00202502 | F122: 77 | G122: LC | I122: 46115 | K122: 他社RE
A123: 26 | B123: 366387 | D123: 修理 | E123: 00304175 | F123: 65 | G123: L | I123: 46115
A124: 27 | B124: 366388 | D124: 修理 | E124: 00208805 | F124: 52 | G124: L | I124: 46115
A125: 28 | B125: 366389 | D125: 修理 | E125: 01305920 | F125: 67 | G125: L | I125: 46115
A126: 29 | B126: 366418 | D126: 修理 | E126: 02502383 | F126: 59 | G126: L | I126: 46115
A127: 30 | B127: 366435 | D127: 修理 | E127: 00500689 | F127: 87 | G127: L | I127: 46115
A128: 31 | B128: 366442 | D128: 修理 | E128: 00300949 | F128: 105 | G128: LC | I128: 46115
A129: 32 | B129: 366456 | D129: 修理 | E129: 02102700 | F129: 68 | G129: L | I129: 46115
A130: 33 | B130: 366482 | D130: 修理 | E130: 00900571 | F130: 93 | G130: R | I130: 46115
A131: 34 | B131: 366489 | D131: 修理 | E131: 00401790 | F131: 72 | G131: L | I131: 46115
A132: 35 | B132: 366525 | D132: 修理 | E132: 01906336 | F132: 58 | G132: L | I132: 46115
A133: 36 | B133: 366528 | D133: 修理 | E133: 01304012 | F133: 73 | G133: L | I133: 46115
A134: 37 | B134: 366530 | D134: 修理 | E134: 00602894 | F134: 66 | G134: L | I134: 46115
... A153: 56 | B153: 366826 | D153: 修理 | E153: 01303006 | F153: 68 | G153: L | I153: 46115
A154: 57 | B154: 366829 | D154: 修理 | E154: 01900045 | F154: 93 | G154: L | I154: 46115 | K154: 他社RE
A155: 58 | B155: 366839 | D155: 修理 | E155: 00400275 | F155: 83 | G155: L | I155: 46115
A156: 59 | B156: 366860 | D156: 修理 | E156: 00507356 | F156: 61 | G156: L | I156: 46115
A157: 60 | B157: 366885 | D157: 修理 | E157: 01400130 | F157: 116 | G157: L | I157: 46115 | K157: 他社RE
A158: 61 | B158: 366910 | D158: 修理 | E158: 00603093 | F158: 63 | G158: L | I158: 46115
A159: 62 | B159: 366933 | D159: 修理 | E159: 02501738 | F159: 69 | G159: L | I159: 46115
A160: 63 | B160: 366948 | D160: 修理 | E160: 00400596 | F160: 95 | G160: LC | I160: 46115
A161: 64 | B161: 366972 | D161: 修理 | E161: 00102692 | F161: 161 | G161: L | I161: 46115
A162: 65 | B162: 367006 | D162: 修理 | E162: 00600209 | F162: 101 | G162: R | I162: 46115
A163: 66 | B163: 366335 | D163: 修理 | E163: 02400501 | F163: 87 | G163: LC | I163: 46101 | J163: Rush
A165: 1 | B165: 351918 | D165: 手直し(製品) | E165: 00202542 | F165: 94 | G165: R | I165: 46094 | J165: Rush
A167: 1 | B167: 366114 | D167: 型(型返送) | E167: 00502684 | F167: 84 | G167: L

Sheet Sheet2
A1: 発注ID | B1: 工場出荷日 | C1: 使用する石膏ID
A2: =Sheet1!B8 -> 367053 | B2: =Sheet1!I8 -> 46108 | C2: =Sheet1!K8 -> 石膏保管ID 364222
A3: =Sheet1!B9 -> 366124 | B3: =Sheet1!I9 -> 46108 | C3: =Sheet1!K9 -> 石膏保管ID 363711
A4: =Sheet1!B10 -> 366412 | B4: =Sheet1!I10 -> 46108 | C4: =Sheet1!K10 -> 石膏保管ID 362740
A5: =Sheet1!B11 -> 367051 | B5: =Sheet1!I11 -> 46108 | C5: =Sheet1!K11 -> 石膏保管ID 359794
A6: =Sheet1!B12 -> 366957 | B6: =Sheet1!I12 -> 46108 | C6: =Sheet1!K12 -> 石膏保管ID 357986
A7: =Sheet1!B13 -> 366240 | B7: =Sheet1!I13 -> 46108 | C7: =Sheet1!K13 -> 石膏保管ID 357868
A8: =Sheet1!B14 -> 366334 | B8: =Sheet1!I14 -> 46108 | C8: =Sheet1!K14 -> 石膏保管ID 357183
A9: =Sheet1!B15 -> 366261 | B9: =Sheet1!I15 -> 46108 | C9: =Sheet1!K15 -> 石膏保管ID 354872
A10: =Sheet1!B16 -> 366495 | B10: =Sheet1!I16 -> 46108 | C10: =Sheet1!K16 -> 石膏保管ID 354847
A11: =Sheet1!B17 -> 366427 | B11: =Sheet1!I17 -> 46108 | C11: =Sheet1!K17 -> 石膏保管ID 352764
A12: =Sheet1!B18 -> 366643 | B12: =Sheet1!I18 -> 46108 | C12: =Sheet1!K18 -> 石膏保管ID 351918
A13: =Sheet1!B19 -> 366205 | B13: =Sheet1!I19 -> 46108 | C13: =Sheet1!K19 -> 石膏保管ID 349832
... A65: =Sheet1!B71 -> 366767 | B65: =Sheet1!I71 -> 46108 | C65: =Sheet1!K71 -> 石膏保管ID 244150
